<?xml version="1.0" encoding="UTF-8"?>
<project-private xmlns="http://www.netbeans.org/ns/project-private/1">
    <editor-bookmarks xmlns="http://www.netbeans.org/ns/editor-bookmarks/2" lastBookmarkId="0"/>
    <open-files xmlns="http://www.netbeans.org/ns/projectui-open-files/2">
        <group>
            <file>file:/C:/xampp/htdocs/learn/Register.php</file>
            <file>file:/C:/xampp/htdocs/learn/postadd.php</file>
            <file>file:/C:/xampp/htdocs/learn/newhtml.html</file>
            <file>file:/C:/xampp/htdocs/learn/controller/UserController.php</file>
            <file>file:/C:/xampp/htdocs/learn/basic%20template/style/style.css</file>
        </group>
    </open-files>
</project-private>
